{
    "eigenvalues": {
        "hippo": 0.9884889721870422,
        "random": 0.392180472612381
    },
    "complexity": {
        "seq_lengths": [
            500,
            1000,
            2000,
            3000,
            4000,
            5000
        ],
        "total_times": [
            0.03551304401480593,
            0.07256066802074201,
            0.1660624420037493,
            0.23725804101559334,
            0.32485641198582016,
            0.4087963890051469
        ],
        "r_squared": 0.9991808309845448,
        "slope_us_per_step": 82.93166357915442,
        "intercept_ms": -6.732298238505938,
        "bin_means_us": [
            69.4376610335894,
            64.43431234220043,
            64.23648027703166,
            63.709433976328,
            68.83114879019558
        ],
        "step_trend_us_per_k_steps": -0.2697217932762229
    }
}